1; San Lorenzo; 3482; Mar del Plata; 7600; Buenos Aires
2; San Lorenzo; 3482; Mar del Plata; 7600; Buenos Aires
3; San Lorenzo; 3482; Mar del Plata; 7600; Buenos Aires
4; San Lorenzo; 3482; Mar del Plata; 7600; Buenos Aires
5; San Lorenzo; 3482; Mar del Plata; 7600; Buenos Aires
6; San Lorenzo; 3482; Mar del Plata; 7600; Buenos Aires
7; San Lorenzo; 3482; Mar del Plata; 7600; Buenos Aires
8; San Lorenzo; 3482; Mar del Plata; 7600; Buenos Aires
9; San Lorenzo; 3482; Mar del Plata; 7600; Buenos Aires
10; San Lorenzo; 3482; Mar del Plata; 7600; Buenos Aires
1; San Lorenzo; 3482; Mar del Plata; 7600; Buenos Aires
2; San Lorenzo; 3482; Mar del Plata; 7600; Buenos Aires
3; San Lorenzo; 3482; Mar del Plata; 7600; Buenos Aires
4; San Lorenzo; 3482; Mar del Plata; 7600; Buenos Aires
5; San Lorenzo; 3482; Mar del Plata; 7600; Buenos Aires
6; San Lorenzo; 3482; Mar del Plata; 7600; Buenos Aires
7; San Lorenzo; 3482; Mar del Plata; 7600; Buenos Aires
8; San Lorenzo; 3482; Mar del Plata; 7600; Buenos Aires
9; San Lorenzo; 3482; Mar del Plata; 7600; Buenos Aires
10; San Lorenzo; 3482; Mar del Plata; 7600; Buenos Aires
1; San Lorenzo; 3482; Mar del Plata; 7600; Buenos Aires
2; San Lorenzo; 3482; Mar del Plata; 7600; Buenos Aires
3; San Lorenzo; 3482; Mar del Plata; 7600; Buenos Aires
4; San Lorenzo; 3482; Mar del Plata; 7600; Buenos Aires
5; San Lorenzo; 3482; Mar del Plata; 7600; Buenos Aires
6; San Lorenzo; 3482; Mar del Plata; 7600; Buenos Aires
7; San Lorenzo; 3482; Mar del Plata; 7600; Buenos Aires
8; San Lorenzo; 3482; Mar del Plata; 7600; Buenos Aires
9; San Lorenzo; 3482; Mar del Plata; 7600; Buenos Aires
10; San Lorenzo; 3482; Mar del Plata; 7600; Buenos Aires
1; San Lorenzo; 3482; Mar del Plata; 7600; Buenos Aires
2; San Lorenzo; 3482; Mar del Plata; 7600; Buenos Aires
3; San Lorenzo; 3482; Mar del Plata; 7600; Buenos Aires
4; San Lorenzo; 3482; Mar del Plata; 7600; Buenos Aires
5; San Lorenzo; 3482; Mar del Plata; 7600; Buenos Aires
6; San Lorenzo; 3482; Mar del Plata; 7600; Buenos Aires
7; San Lorenzo; 3482; Mar del Plata; 7600; Buenos Aires
8; San Lorenzo; 3482; Mar del Plata; 7600; Buenos Aires
9; San Lorenzo; 3482; Mar del Plata; 7600; Buenos Aires
10; San Lorenzo; 3482; Mar del Plata; 7600; Buenos Aires
1; Cordoba; 3482; Mar del Plata; 7600; Buenos Aires
2; ®π; 3482; Mar del Plata; 7600; Buenos Aires
3; Alberti; 3482; Mar del Plata; 7600; Buenos Aires
4; Don Orione; 3482; Mar del Plata; 7600; Buenos Aires
5; Cordoba; 3482; Mar del Plata; 7600; Buenos Aires
6; Don Orione; 3482; Mar del Plata; 7600; Buenos Aires
7; Moreno; 3482; Mar del Plata; 7600; Buenos Aires
8; Moreno; 3482; Mar del Plata; 7600; Buenos Aires
9; Alberti; 3482; Mar del Plata; 7600; Buenos Aires
10; San Juan; 3482; Mar del Plata; 7600; Buenos Aires
1; Don Orione; 3482; Mar del Plata; 7600; Buenos Aires
2; Alberti; 3482; Mar del Plata; 7600; Buenos Aires
3; Luro; 3482; Mar del Plata; 7600; Buenos Aires
4; Belgrano; 3482; Mar del Plata; 7600; Buenos Aires
5; Don Orione; 3482; Mar del Plata; 7600; Buenos Aires
6; Belgrano; 3482; Mar del Plata; 7600; Buenos Aires
7; Cordoba; 3482; Mar del Plata; 7600; Buenos Aires
8; Cordoba; 3482; Mar del Plata; 7600; Buenos Aires
9; Luro; 3482; Mar del Plata; 7600; Buenos Aires
10; Color; 3482; Mar del Plata; 7600; Buenos Aires
1; Don Orione; 3482; Mar del Plata; 7600; Buenos Aires
2; Alberti; 3482; Mar del Plata; 7600; Buenos Aires
3; Luro; 3482; Mar del Plata; 7600; Buenos Aires
4; Belgrano; 3482; Mar del Plata; 7600; Buenos Aires
5; Don Orione; 3482; Mar del Plata; 7600; Buenos Aires
6; Belgrano; 3482; Mar del Plata; 7600; Buenos Aires
7; Cordoba; 3482; Mar del Plata; 7600; Buenos Aires
8; Cordoba; 3482; Mar del Plata; 7600; Buenos Aires
9; Luro; 3482; Mar del Plata; 7600; Buenos Aires
10; Color; 3482; Mar del Plata; 7600; Buenos Aires
1; Don Orione; 3482; Mar del Plata; 7600; Buenos Aires
2; Alberti; 3482; Mar del Plata; 7600; Buenos Aires
3; Luro; 3482; Mar del Plata; 7600; Buenos Aires
4; Belgrano; 3482; Mar del Plata; 7600; Buenos Aires
5; Don Orione; 3482; Mar del Plata; 7600; Buenos Aires
6; Belgrano; 3482; Mar del Plata; 7600; Buenos Aires
7; Cordoba; 3482; Mar del Plata; 7600; Buenos Aires
8; Cordoba; 3482; Mar del Plata; 7600; Buenos Aires
9; Luro; 3482; Mar del Plata; 7600; Buenos Aires
10; Color; 3482; Mar del Plata; 7600; Buenos Aires
1; Don Orione; 3482; Mar del Plata; 7600; Buenos Aires
2; Alberti; 3482; Mar del Plata; 7600; Buenos Aires
3; Luro; 3482; Mar del Plata; 7600; Buenos Aires
4; Belgrano; 3482; Mar del Plata; 7600; Buenos Aires
5; Don Orione; 3482; Mar del Plata; 7600; Buenos Aires
6; Belgrano; 3482; Mar del Plata; 7600; Buenos Aires
7; Cordoba; 3482; Mar del Plata; 7600; Buenos Aires
8; Cordoba; 3482; Mar del Plata; 7600; Buenos Aires
9; Luro; 3482; Mar del Plata; 7600; Buenos Aires
10; Color; 3482; Mar del Plata; 7600; Buenos Aires
1; Don Orione; 3482; Mar del Plata; 7600; Buenos Aires
2; Alberti; 3482; Mar del Plata; 7600; Buenos Aires
3; Luro; 3482; Mar del Plata; 7600; Buenos Aires
4; Belgrano; 3482; Mar del Plata; 7600; Buenos Aires
5; Don Orione; 3482; Mar del Plata; 7600; Buenos Aires
6; Belgrano; 3482; Mar del Plata; 7600; Buenos Aires
7; Cordoba; 3482; Mar del Plata; 7600; Buenos Aires
8; Cordoba; 3482; Mar del Plata; 7600; Buenos Aires
9; Luro; 3482; Mar del Plata; 7600; Buenos Aires
10; Color; 3482; Mar del Plata; 7600; Buenos Aires
1; Don Orione; 3482; Mar del Plata; 7600; Buenos Aires
2; Alberti; 3482; Mar del Plata; 7600; Buenos Aires
3; Luro; 3482; Mar del Plata; 7600; Buenos Aires
4; Belgrano; 3482; Mar del Plata; 7600; Buenos Aires
5; Don Orione; 3482; Mar del Plata; 7600; Buenos Aires
6; Belgrano; 3482; Mar del Plata; 7600; Buenos Aires
7; Cordoba; 3482; Mar del Plata; 7600; Buenos Aires
8; Cordoba; 3482; Mar del Plata; 7600; Buenos Aires
9; Luro; 3482; Mar del Plata; 7600; Buenos Aires
10; Color; 3482; Mar del Plata; 7600; Buenos Aires
1; Don Orione; 3482; Sclafani; 7600; Buenos Aires
2; Luro; 3482; Vrasene; 7600; Buenos Aires
3; Don Orione; 3482; Salihli; 7600; Buenos Aires
4; Cordoba; 3482; Aberdeen; 7600; Buenos Aires
5; Luro; 3482; Port; 7600; Buenos Aires
6; Don Orione; 3482; de; 7600; Buenos Aires
7; Rivadavia; 3482; Baunatal; 7600; Buenos Aires
8; Rivadavia; 3482; Codó; 7600; Buenos Aires
9; Moreno; 3482; Lavacherie; 7600; Buenos Aires
10; Dorrego; 3482; Germersheim; 7600; Buenos Aires
1; Don Orione; 3482; South; 7600; Buenos Aires
2; Luro; 3482; Ketchikan; 7600; Buenos Aires
3; Don Orione; 3482; Annone; 7600; Buenos Aires
4; Cordoba; 3482; Umbra; 7600; Buenos Aires
5; Luro; 3482; Esen; 7600; Buenos Aires
6; Don Orione; 3482; Tongue; 7600; Buenos Aires
7; Rivadavia; 3482; las; 7600; Buenos Aires
8; Rivadavia; 3482; Villa; 7600; Buenos Aires
9; Moreno; 3482; Gladstone; 7600; Buenos Aires
10; Dorrego; 3482; Spezia; 7600; Buenos Aires
1; Don Orione; 3482; Aalen; 7600; Buenos Aires
2; Luro; 3482; Aalen; 7600; Buenos Aires
3; Don Orione; 3482; Aalen; 7600; Buenos Aires
4; Cordoba; 3482; Aalen; 7600; Buenos Aires
5; Luro; 3482; Aalen; 7600; Buenos Aires
6; Don Orione; 3482; Aalen; 7600; Buenos Aires
7; Rivadavia; 3482; Aalen; 7600; Buenos Aires
8; Rivadavia; 3482; Aalen; 7600; Buenos Aires
9; Moreno; 3482; Aalen; 7600; Buenos Aires
10; Dorrego; 3482; Aalen; 7600; Buenos Aires
1; Don Orione; 3482; South; 7600; Buenos Aires
2; Luro; 3482; Ketchikan; 7600; Buenos Aires
3; Don Orione; 3482; Annone; 7600; Buenos Aires
4; Cordoba; 3482; Umbra; 7600; Buenos Aires
5; Luro; 3482; Esen; 7600; Buenos Aires
6; Don Orione; 3482; Tongue; 7600; Buenos Aires
7; Rivadavia; 3482; las; 7600; Buenos Aires
8; Rivadavia; 3482; Villa; 7600; Buenos Aires
9; Moreno; 3482; Gladstone; 7600; Buenos Aires
10; Dorrego; 3482; Spezia; 7600; Buenos Aires
1; Don Orione; 3482; Lehrte
; 7600; Buenos Aires
2; Luro; 3482; Aalen
; 7600; Buenos Aires
3; Don Orione; 3482; Wortel
; 7600; Buenos Aires
4; Cordoba; 3482; Dehri
; 7600; Buenos Aires
5; Luro; 3482; Constitución
; 7600; Buenos Aires
6; Don Orione; 3482; Sloten
; 7600; Buenos Aires
7; Rivadavia; 3482; Solingen
; 7600; Buenos Aires
8; Rivadavia; 3482; San Pedro Garza García
; 7600; Buenos Aires
9; Moreno; 3482; Juazeiro
; 7600; Buenos Aires
10; Dorrego; 3482; Glendon
; 7600; Buenos Aires
1; Don Orione; 3482; ; 7600; Buenos Aires
2; Luro; 3482; ; 7600; Buenos Aires
3; Don Orione; 3482; ; 7600; Buenos Aires
4; Cordoba; 3482; ; 7600; Buenos Aires
5; Luro; 3482; ; 7600; Buenos Aires
6; Don Orione; 3482; ; 7600; Buenos Aires
7; Rivadavia; 3482; ; 7600; Buenos Aires
8; Rivadavia; 3482; ; 7600; Buenos Aires
9; Moreno; 3482; ; 7600; Buenos Aires
10; Dorrego; 3482; ; 7600; Buenos Aires
1; Don Orione; 3482; Lehrte; 7600; Buenos Aires
2; Luro; 3482; Aalen; 7600; Buenos Aires
3; Don Orione; 3482; Wortel; 7600; Buenos Aires
4; Cordoba; 3482; Dehri; 7600; Buenos Aires
5; Luro; 3482; Constitución; 7600; Buenos Aires
6; Don Orione; 3482; Sloten; 7600; Buenos Aires
7; Rivadavia; 3482; Solingen; 7600; Buenos Aires
8; Rivadavia; 3482; San Pedro Garza García; 7600; Buenos Aires
9; Moreno; 3482; Juazeiro; 7600; Buenos Aires
10; Dorrego; 3482; Glendon; 7600; Buenos Aires
1; Don Orione; 3482; Lehrte; 7600; Buenos Aires
2; Luro; 3482; Aalen; 7600; Buenos Aires
3; Don Orione; 3482; Wortel; 7600; Buenos Aires
4; Cordoba; 3482; Dehri; 7600; Buenos Aires
5; Luro; 3482; Constitución; 7600; Buenos Aires
6; Don Orione; 3482; Sloten; 7600; Buenos Aires
7; Rivadavia; 3482; Solingen; 7600; Buenos Aires
8; Rivadavia; 3482; San Pedro Garza García; 7600; Buenos Aires
9; Moreno; 3482; Juazeiro; 7600; Buenos Aires
10; Dorrego; 3482; Glendon; 7600; Buenos Aires
1; Don Orione; 3482; Lehrte; 7600; Buenos Aires
2; Luro; 3482; Aalen; 7600; Buenos Aires
3; Don Orione; 3482; Wortel; 7600; Buenos Aires
4; Cordoba; 3482; Dehri; 7600; Buenos Aires
5; Luro; 3482; Constitución; 7600; Buenos Aires
6; Don Orione; 3482; Sloten; 7600; Buenos Aires
7; Rivadavia; 3482; Solingen; 7600; Buenos Aires
8; Rivadavia; 3482; San Pedro Garza García; 7600; Buenos Aires
9; Moreno; 3482; Juazeiro; 7600; Buenos Aires
10; Dorrego; 3482; Glendon; 7600; Buenos Aires
1; Don Orione; 3482; Lehrte; 7600; Buenos Aires
2; Luro; 3482; Aalen; 7600; Buenos Aires
3; Don Orione; 3482; Wortel; 7600; Buenos Aires
4; Cordoba; 3482; Dehri; 7600; Buenos Aires
5; Luro; 3482; Constitución; 7600; Buenos Aires
6; Don Orione; 3482; Sloten; 7600; Buenos Aires
7; Rivadavia; 3482; Solingen; 7600; Buenos Aires
8; Rivadavia; 3482; San Pedro Garza García; 7600; Buenos Aires
9; Moreno; 3482; Juazeiro; 7600; Buenos Aires
10; Dorrego; 3482; Glendon; 7600; Buenos Aires
1; Don Orione; 3482; Lehrte; 7600; Buenos Aires
2; Luro; 3482; Aalen; 7600; Buenos Aires
3; Don Orione; 3482; Wortel; 7600; Buenos Aires
4; Cordoba; 3482; Dehri; 7600; Buenos Aires
5; Luro; 3482; Constitución; 7600; Buenos Aires
6; Don Orione; 3482; Sloten; 7600; Buenos Aires
7; Rivadavia; 3482; Solingen; 7600; Buenos Aires
8; Rivadavia; 3482; San Pedro Garza García; 7600; Buenos Aires
9; Moreno; 3482; Juazeiro; 7600; Buenos Aires
10; Dorrego; 3482; Glendon; 7600; Buenos Aires
1; Don Orione; 3482; Lehrte; 7600; Buenos Aires
2; Luro; 3482; Aalen; 7600; Buenos Aires
3; Don Orione; 3482; Wortel; 7600; Buenos Aires
4; Cordoba; 3482; Dehri; 7600; Buenos Aires
5; Luro; 3482; Constitución; 7600; Buenos Aires
6; Don Orione; 3482; Sloten; 7600; Buenos Aires
7; Rivadavia; 3482; Solingen; 7600; Buenos Aires
8; Rivadavia; 3482; San Pedro Garza García; 7600; Buenos Aires
9; Moreno; 3482; Juazeiro; 7600; Buenos Aires
10; Dorrego; 3482; Glendon; 7600; Buenos Aires
1; Don Orione; 3482; Lehrte; 7600; Buenos Aires
2; Luro; 3482; Aalen; 7600; Buenos Aires
3; Don Orione; 3482; Wortel; 7600; Buenos Aires
4; Cordoba; 3482; Dehri; 7600; Buenos Aires
5; Luro; 3482; Constitución; 7600; Buenos Aires
6; Don Orione; 3482; Sloten; 7600; Buenos Aires
7; Rivadavia; 3482; Solingen; 7600; Buenos Aires
8; Rivadavia; 3482; San Pedro Garza García; 7600; Buenos Aires
9; Moreno; 3482; Juazeiro; 7600; Buenos Aires
10; Dorrego; 3482; Glendon; 7600; Buenos Aires
1; Don Orione; 3482; Lehrte; 7600; Buenos Aires
2; Luro; 3482; Aalen; 7600; Buenos Aires
3; Don Orione; 3482; Wortel; 7600; Buenos Aires
4; Cordoba; 3482; Dehri; 7600; Buenos Aires
5; Luro; 3482; Constitución; 7600; Buenos Aires
6; Don Orione; 3482; Sloten; 7600; Buenos Aires
7; Rivadavia; 3482; Solingen; 7600; Buenos Aires
8; Rivadavia; 3482; San Pedro Garza García; 7600; Buenos Aires
9; Moreno; 3482; Juazeiro; 7600; Buenos Aires
10; Dorrego; 3482; Glendon; 7600; Buenos Aires
1; Don Orione; 3482; Lehrte; 7600; Buenos Aires
2; Luro; 3482; Aalen; 7600; Buenos Aires
3; Don Orione; 3482; Wortel; 7600; Buenos Aires
4; Cordoba; 3482; Dehri; 7600; Buenos Aires
5; Luro; 3482; Constitución; 7600; Buenos Aires
6; Don Orione; 3482; Sloten; 7600; Buenos Aires
7; Rivadavia; 3482; Solingen; 7600; Buenos Aires
8; Rivadavia; 3482; San Pedro Garza García; 7600; Buenos Aires
9; Moreno; 3482; Juazeiro; 7600; Buenos Aires
10; Dorrego; 3482; Glendon; 7600; Buenos Aires
1; Alberti; 3482; High Level; 7600; Buenos Aires
2; Belgrano; 3482; Ketchikan; 7600; Buenos Aires
3; Belgrano; 3482; Río Hurtado; 7600; Buenos Aires
4; Cordoba; 3482; San Fernando; 7600; Buenos Aires
5; Color; 3482; Zvenigorod; 7600; Buenos Aires
6; Don Orione; 3482; Portland; 7600; Buenos Aires
7; Dorrego; 3482; Saint-Denis-Bovesse; 7600; Buenos Aires
8; Alberti; 3482; Pettineo; 7600; Buenos Aires
9; Funes; 3482; Solingen; 7600; Buenos Aires
10; San Lorenzo; 3482; San Pedro Garza García; 7600; Buenos Aires
1; Luro; 3482; Aalen; 7600; Buenos Aires
2; Don Orione; 3482; Wortel; 7600; Buenos Aires
3; Cordoba; 3482; Dehri; 7600; Buenos Aires
4; Luro; 3482; Constitución; 7600; Buenos Aires
5; Don Orione; 3482; Sloten; 7600; Buenos Aires
6; Rivadavia; 3482; Solingen; 7600; Buenos Aires
7; Rivadavia; 3482; San Pedro Garza García; 7600; Buenos Aires
8; Moreno; 3482; Juazeiro; 7600; Buenos Aires
9; Dorrego; 3482; Glendon; 7600; Buenos Aires
10; Dorrego; 3482; Cheongju; 7600; Buenos Aires
